SKU,Name,Units,Price,Description,Status,Sub-units of pack,Qty per pack,Sub-unit price,Is price by weight,Weight unit,Price per weight unit,Typical weight,Unit of typical weight,Parcel Length,Parcel Width,Parcel Height,Distance Unit,Internal product note,Barcode,Major Code,Taxable_x,Expires,Inventory,Commissary Item,Record Id,Item Type,ID,Available,Category,Inventory Unit Of Measure,Selling Unit Of Measure,Order Guides,Cost,Markup,Selling Price,Source Item,Sales Account,Taxable_y
PASTRY2003,Bars - GF - Chocolate Peanut Butter Bar (12),case,24.91,,Enabled,,,,FALSE,lb,,,lb,,,,in,,,,,,,MI Chocolate Peanut Butter Bar,410,Recipe,,TRUE,Pastry,Each,Pack (12 CT),PASTRY CATALOG ***2PM CUTOFF FOR NEXT DAY DELIVERY***,11.4064,50,17.11,MI Chocolate Peanut Butter Bar,4108 - Bakeshop Pastry Sales,FALSE
PASTRY2007,Bars - Vegan Chocolate Date (6),case,18,,Enabled,,,,FALSE,lb,,,lb,,,,in,,,,,,,MI Vegan Chocolate Date Bar,420,Recipe,,TRUE,Pastry,Each,Pack (6 CT),PASTRY CATALOG ***2PM CUTOFF FOR NEXT DAY DELIVERY***,14.8671,50,22.3,MI Vegan Chocolate Date Bar,4108 - Bakeshop Pastry Sales,FALSE
PASTRY2008,Bars - Vegan Fruit Crumble (6),case,18,,Enabled,,,,FALSE,lb,,,lb,,,,in,,,,,,,MI Vegan Fruit Crumble Bar,407,Recipe,,TRUE,Pastry,Each,Pack (6 CT),PASTRY CATALOG ***2PM CUTOFF FOR NEXT DAY DELIVERY***,8.2573,50,12.39,MI Vegan Fruit Crumble Bar,4108 - Bakeshop Pastry Sales,FALSE
OTF843,Bowl - CHICKEN PESTO FETTUCCINE BOWL,each,7.25,"Roasted chicken breast, our nut free “pesto” and fettuccine topped with mozzarella and parmigiano-reggiano, spinach and roasted tomatoes",Enabled,,,,FALSE,lb,,,lb,,,,in,,8.50007E+11,,N,,,"OTF Chicken ""Pesto"" Fettuccine Bowl",576,Recipe,,TRUE,Grab & Go,Each,Each,OTF CATALOG,3.3972,0,3.4,"OTF Chicken ""Pesto"" Fettuccine Bowl",4104 - Grab & Go Food Sales,FALSE
OTF842,Bowl - FETTUCCINE & MEATBALLS BOWL,each,6.5,"Beef meatballs, marinara and fettuccine topped with provolone and parmigiano-reggiano",Enabled,,,,FALSE,lb,,,lb,,,,in,,85007392543,,N,,,OTF Fettuccine & Meatball Bowl,577,Recipe,,TRUE,Grab & Go,Each,Each,OTF CATALOG,2.3259,0,2.33,OTF Fettuccine & Meatball Bowl,4104 - Grab & Go Food Sales,FALSE
OTF854,"Breakfast - BACON, EGG & CHEESE BURRITO",each,3.95,"Bacon, scrambled eggs, cheddar cheese, roast potatoes, and green chili sauce rolled in a white tortilla",Enabled,,,,FALSE,lb,,,lb,,,,in,,8.50007E+11,,N,,,OTF Burrito Breakfast Egg & Cheese,33,Recipe,,TRUE,Grab & Go,Each,Each,"PREP CATALOG (LF) ***11AM CUTOFF FOR NEXT DAY DELIVERY***, OTF CATALOG",1.8593,50,2.79,OTF Burrito Breakfast Egg & Cheese,4106 - Comm Prepped Food Sales,FALSE
OTF855,"Breakfast - CHORIZO, EGG & CHEESE BURRITO",each,3.95,"Chorizo, scrambled eggs, cheddar cheese, roast potatoes, and green chili sauce rolled in a white tortilla",Enabled,,,,FALSE,lb,,,lb,,,,in,,8.50007E+11,,N,,,OTF Burrito Breakfast Egg & Cheese,33,Recipe,,TRUE,Grab & Go,Each,Each,"PREP CATALOG (LF) ***11AM CUTOFF FOR NEXT DAY DELIVERY***, OTF CATALOG",1.8593,50,2.79,OTF Burrito Breakfast Egg & Cheese,4106 - Comm Prepped Food Sales,FALSE
OTF853,Breakfast - EGG & CHEESE BURRITO,each,3.75,"Scrambled eggs, cheddar cheese, roast potatoes, and green chili sauce rolled in white tortilla",Enabled,,,,FALSE,lb,,,lb,,,,in,,8.50007E+11,,N,,,OTF Burrito Breakfast Egg & Cheese,33,Recipe,,TRUE,Grab & Go,Each,Each,"PREP CATALOG (LF) ***11AM CUTOFF FOR NEXT DAY DELIVERY***, OTF CATALOG",1.8593,50,2.79,OTF Burrito Breakfast Egg & Cheese,4106 - Comm Prepped Food Sales,FALSE
PASTRY2031,Brownie - OMG Smore's (6),pack,16.5,,Enabled,,,,FALSE,lb,,,lb,,,,in,,,,,,,OTF OMG Smores Brownie,508,Recipe,,TRUE,Pastry,Each,Each,OTF CATALOG,2.4148,50,3.62,OTF OMG Smores Brownie,4108 - Bakeshop Pastry Sales,FALSE
PASTRY2030,Brownie - Righteous (12),pack,27,,Enabled,,,,FALSE,lb,,,lb,,,,in,,,,,,,MI Brownie Righteous,408,Recipe,,TRUE,Pastry,Each,Pack (12 CT),PASTRY CATALOG ***2PM CUTOFF FOR NEXT DAY DELIVERY***,10.6884,50,16.03,MI Brownie Righteous,4108 - Bakeshop Pastry Sales,FALSE
PASTRY1013,"Cake - GF Strawberry Cream 3"" (6)",case,23,,Disabled,,,,FALSE,lb,,,lb,,,,in,,,,N,,,OTF Strawberry Cream Cake,524,Recipe,,TRUE,Pastry,Each,Each,OTF CATALOG,2.3958,50,3.59,OTF Strawberry Cream Cake,4108 - Bakeshop Pastry Sales,FALSE
PASTRY1009,"Cake - German Chocolate 3"" Cake (6)",case,31.05,,Enabled,,,,FALSE,lb,,,lb,,,,in,,,,,,,"OTF German Chocolate Cake (3"")",527,Recipe,,TRUE,Pastry,Each,Each,OTF CATALOG,2.5662,50,3.85,"OTF German Chocolate Cake (3"")",4108 - Bakeshop Pastry Sales,FALSE
PASTRY1046,Cake Jars - Mary's Banana Pudding (6),pack,24,,Enabled,,,,FALSE,lb,,,lb,,,,in,,,,,,,Z - Cake Jars - Mary's Banana Pudding (6),179,Purchase,,TRUE,Pastry,Pack (6 CT),Pack (6 CT),PASTRY CATALOG ***2PM CUTOFF FOR NEXT DAY DELIVERY***,24,0,24,Z - Cake Jars - Mary's Banana Pudding (6),4108 - Bakeshop Pastry Sales,FALSE
PASTRY1045,Cake Jars - Vegan Chocolate Raspberry (6),pack,24,,Enabled,,,,FALSE,lb,,,lb,,,,in,,,,,,,Z - Cake Jars - Vegan Chocolate Raspberry (6),178,Purchase,,TRUE,Pastry,Pack (6 CT),Pack (6 CT),PASTRY CATALOG ***2PM CUTOFF FOR NEXT DAY DELIVERY***,24,0,24,Z - Cake Jars - Vegan Chocolate Raspberry (6),4108 - Bakeshop Pastry Sales,FALSE
PASTRY3003,Cookie - GF Double Chocolate Cookie (6),case,8.1,,Enabled,,,,FALSE,lb,,,lb,,,,in,,,,N,,,OTF Cookie Double Chocolate,541,Recipe,,TRUE,Pastry,Each,Each,OTF CATALOG,1.2814,50,1.92,OTF Cookie Double Chocolate,4108 - Bakeshop Pastry Sales,FALSE
PASTRY3009,Cookie - Oatmeal Raisin (6),pack,7.5,,Disabled,,,,FALSE,lb,,,lb,,,,in,,,,N,,,MI Oatmeal Raisin Cookie,416,Recipe,,TRUE,Pastry,Each,Pack (6 CT),PASTRY CATALOG ***2PM CUTOFF FOR NEXT DAY DELIVERY***,4.3464,50,6.52,MI Oatmeal Raisin Cookie,4108 - Bakeshop Pastry Sales,FALSE
PASTRY3004,Cookie - Salted Cho Chip Cookie (6),case,8.1,,Enabled,,,,FALSE,lb,,,lb,,,,in,,,,N,,,MI Salted Chocolate Chip Cookie,412,Recipe,,TRUE,Pastry,Each,Pack (6 CT),PASTRY CATALOG ***2PM CUTOFF FOR NEXT DAY DELIVERY***,6.7963,50,10.19,MI Salted Chocolate Chip Cookie,4108 - Bakeshop Pastry Sales,FALSE
PASTRY3005,Cookie - Sprinkledoodle Cookie (6),case,6.9,,Enabled,,,,FALSE,lb,,,lb,,,,in,,,,,,,OTF Cookie Sprinkledoodle,543,Recipe,,TRUE,Pastry,Each,Each,OTF CATALOG,0.8714,50,1.31,OTF Cookie Sprinkledoodle,4108 - Bakeshop Pastry Sales,FALSE
PASTRY3006,Cookie - Toffee Butterscotch Cookie (6),case,9,,Disabled,,,,FALSE,lb,,,lb,,,,in,,,,N,,,MI Toffee Butterscotch Cookie,415,Recipe,,TRUE,Pastry,Each,Pack (6 CT),PASTRY CATALOG ***2PM CUTOFF FOR NEXT DAY DELIVERY***,6.5285,50,9.79,MI Toffee Butterscotch Cookie,4108 - Bakeshop Pastry Sales,FALSE
PASTRY4005,Croissant - Almond (3),case,9.75,,Enabled,,,,FALSE,lb,,,lb,,,,in,,,,N,,,OTF Croissant Almond,553,Recipe,,TRUE,Pastry,Each,Each,OTF CATALOG,3.3854,50,5.08,OTF Croissant Almond,4108 - Bakeshop Pastry Sales,FALSE
PASTRY4007,Croissant - Butter (3),case,8.25,,Enabled,,,,FALSE,lb,,,lb,,,,in,,,,N,,,OTF Croissant Butter,557,Recipe,,TRUE,Pastry,Each,Each,OTF CATALOG,1.4208,50,2.13,OTF Croissant Butter,4108 - Bakeshop Pastry Sales,FALSE
PASTRY4004,Croissant - Cherry Almond Croissant  (3),case,7.76,,Disabled,,,,FALSE,lb,,,lb,,,,in,,,,,,,OTF Croissant Cherry Almond,554,Recipe,,TRUE,Pastry,Each,Each,OTF CATALOG,3.7797,50,5.67,OTF Croissant Cherry Almond,4108 - Bakeshop Pastry Sales,FALSE
PASTRY4006,Croissant - Chocolate Almond (3),case,7.76,,Enabled,,,,FALSE,lb,,,lb,,,,in,,,,,,,OTF Croissant Chocolate ALmond,556,Recipe,,TRUE,Pastry,Each,Each,OTF CATALOG,4.1736,50,6.26,OTF Croissant Chocolate ALmond,4108 - Bakeshop Pastry Sales,FALSE
PASTRY4003,Croissant - Chocolate Croissant (3),case,9,,Enabled,,,,FALSE,lb,,,lb,,,,in,,,,N,,,Z - Croissant - Chocolate Croissant (3),195,Purchase,,TRUE,Pastry,Pack (3 CT),Pack (3 CT),PASTRY CATALOG ***2PM CUTOFF FOR NEXT DAY DELIVERY***,9,0,9,Z - Croissant - Chocolate Croissant (3),4108 - Bakeshop Pastry Sales,FALSE
PASTRY9002,Cupcakes - Seasonal (6),ea,13.8,,Disabled,,,,FALSE,lb,,,lb,,,,in,,,,,,,Z - Cupcakes - Seasonal (6),580,Purchase,,TRUE,Pastry,Pack (6 CT),Pack (6 CT),PASTRY CATALOG ***2PM CUTOFF FOR NEXT DAY DELIVERY***,16,0,16,Z - Cupcakes - Seasonal (6),4100 - Food Sales,FALSE
PREP400,Curry Chicken Salad (6 QT),each,39,,Enabled,,,,FALSE,lb,,,lb,,,,in,,,,,,,OTF Side Salad Curry Chicken,457,Recipe,,TRUE,Grab & Go,Each,Each,,2.608,50,3.91,OTF Side Salad Curry Chicken,4104 - Grab & Go Food Sales,FALSE
PASTRY4001,Danish -  Cherry (3),case,9.75,,Enabled,,,,FALSE,lb,,,lb,,,,in,,,,N,,,OTF Danish Cherry,538,Recipe,,TRUE,Pastry,Each,Each,OTF CATALOG,1.7198,50,2.58,OTF Danish Cherry,4108 - Bakeshop Pastry Sales,FALSE
PASTRY4002,Danish - Blueberry (3),case,9.75,,Enabled,,,,FALSE,lb,,,lb,,,,in,,,,N,,,OTF Danish Blueberry,539,Recipe,,TRUE,Pastry,Each,Each,OTF CATALOG,1.5653,50,2.35,OTF Danish Blueberry,4108 - Bakeshop Pastry Sales,FALSE
PREP100,Dressing - Apple-Cider Vinaigrette,gallon,14,1 gal of Apple-Cider Vinaigrette,Enabled,,,,FALSE,lb,,,lb,,,,in,,,,,,,PREP Apple Cider Vinaigrette,111,Recipe,,TRUE,Prepped Food,Gallon,Gallon,PREP CATALOG ***11AM CUTOFF FOR NEXT DAY DELIVERY***,10.4083,50,15.61,PREP Apple Cider Vinaigrette,4106 - Comm Prepped Food Sales,FALSE
PREP102,Dressing - Champagne Vinaigrette,gallon,18,1 gal of Champagne Vinaigrette,Enabled,,,,FALSE,lb,,,lb,,,,in,,,,,,,PREP Champagne Vinaigrette,109,Recipe,,TRUE,Prepped Food,Gallon,Gallon,"PREP CATALOG ***11AM CUTOFF FOR NEXT DAY DELIVERY***, PREP CATALOG (LF) ***11AM CUTOFF FOR NEXT DAY DELIVERY***",13.2115,50,19.82,PREP Champagne Vinaigrette,4106 - Comm Prepped Food Sales,FALSE
PREP105,Dressing - Sesame Vinaigrette,gallon,17,1 gal of Sesame Vinaigrette,Enabled,,,,FALSE,lb,,,lb,,,,in,,,,,,,PREP Sesame Vinaigrette,107,Recipe,,FALSE,Prepped Food,Gallon,Gallon,,13.7422,50,20.61,PREP Sesame Vinaigrette,4100 - Food Sales,FALSE
PREP106,Dressing - Tarragon Vinaigrette,gallon,20,1 gal of Tarragon Vinaigrette,Enabled,,,,FALSE,lb,,,lb,,,,in,,,,,,,PREP Tarragon Vinaigrette,106,Recipe,,TRUE,Prepped Food,Gallon,Gallon,PREP CATALOG ***11AM CUTOFF FOR NEXT DAY DELIVERY***,14.2713,50,21.41,PREP Tarragon Vinaigrette,4106 - Comm Prepped Food Sales,FALSE
PASTRY1040,Dulce de Leche Eclair (6),pack,27.75,,Enabled,,,,FALSE,lb,,,lb,,,,in,,,,,,,Z - Eclaire Dulce de Leche,122,Purchase,,TRUE,Pastry,Pack (6 CT),Pack (6 CT),PASTRY CATALOG ***2PM CUTOFF FOR NEXT DAY DELIVERY***,27.75,0,27.75,Z - Eclaire Dulce de Leche,4108 - Bakeshop Pastry Sales,FALSE
OTF2003,Energy Bite - CHOCOLATE & PEANUT BUTTER (25),pack,25,"Chocolate Chips, Cocoa, Peanuts, Peanut Butter, Oats, Chia, Flax, Maple Syrup, Vanilla, Salt",Enabled,,,,FALSE,lb,,,lb,,,,in,,,,N,,,OTF Energy Balls Chocolate & Peanut Butter,455,Recipe,,TRUE,Pastry,Each,Pack (25 CT),,4.4443,55,6.89,OTF Energy Balls Chocolate & Peanut Butter,4108 - Bakeshop Pastry Sales,FALSE
OTF667IT,Flatbread - Italian (12),case,115.08,,Enabled,,,,FALSE,lb,,,lb,,,,in,,,,,,,OTF Flatbread Italian,29,Recipe,,TRUE,Grab & Go,Each,Pack (12 CT),PREP CATALOG (LF) ***11AM CUTOFF FOR NEXT DAY DELIVERY***,35.6721,55,55.29,OTF Flatbread Italian,4106 - Comm Prepped Food Sales,FALSE
OTF819,GNG - BLUEBERRY MUFFIN,each,3.15,Traditional blueberry muffin with cinnamon crumb,Enabled,,,,FALSE,lb,,,lb,,,,in,,8.50007E+11,,N,,,OTF Blueberry Muffin,507,Recipe,,TRUE,Pastry,Each,Each,OTF CATALOG,2.28,50,3.42,OTF Blueberry Muffin,4108 - Bakeshop Pastry Sales,FALSE
OTF818.1,GNG - DOUBLE CHOCOLATE COOKIE,each,2.75,Chocolate lovers beware - dark chocolate and white chocolate chips pair to make a decadent chocolate cookie,Enabled,,,,FALSE,lb,,0,lb,,,,in,,8.50007E+11,,N,,,MI Double Chocolate Cookie,414,Recipe,,TRUE,Pastry,Each,Pack (6 CT),PASTRY CATALOG ***2PM CUTOFF FOR NEXT DAY DELIVERY***,4.5087,50,6.76,MI Double Chocolate Cookie,4108 - Bakeshop Pastry Sales,FALSE
OTF811,GNG - LEMON POPPYSEED BREAD,each,3,Dense poundcake-like bread mixed with poppy seeds and seasoned with lemon.,Enabled,,,,FALSE,lb,,,lb,,,,in,,8.50007E+11,,N,,,MI Lemon Poppyseed Bread,419,Recipe,,TRUE,Pastry,Each,Loaf,PASTRY CATALOG ***2PM CUTOFF FOR NEXT DAY DELIVERY***,1.9114,50,2.87,MI Lemon Poppyseed Bread,4108 - Bakeshop Pastry Sales,FALSE
OTF818,GNG - OATMEAL CREAM PIE,each,3.5,Our take on the lunchbox classic we all know and love,Enabled,,,,FALSE,lb,,,lb,,,,in,,8.50007E+11,,N,,,OTF Oatmeal Cream Pie,547,Recipe,,TRUE,Pastry,Each,Each,OTF CATALOG,1.3223,50,1.98,OTF Oatmeal Cream Pie,4108 - Bakeshop Pastry Sales,FALSE
PASTRY 3305,GNG Salted Chocolate Chip Cookie,1,2.94,,Enabled,,,,FALSE,lb,,,lb,,,,in,,,,N,,,MI Salted Chocolate Chip Cookie,412,Recipe,,TRUE,Pastry,Each,Pack (6 CT),PASTRY CATALOG ***2PM CUTOFF FOR NEXT DAY DELIVERY***,6.7963,50,10.19,MI Salted Chocolate Chip Cookie,4108 - Bakeshop Pastry Sales,FALSE
OTF510,Juice - Antioxidants Wellness Shot (15),pack,42.75,"INGREDIENTS: Elderberry, tart cherry, camu camu, ginger, green apple BENEFITS: Vitamin C, immunity, heart health, antioxidants, anti-inflammatory",Enabled,bottles,15,2.85,FALSE,lb,,,lb,,,,in,,,,N,,,BTLD JUICE Antioxidants Wellness Shot (Bottle),305,Purchase,,TRUE,Bottled Juice,Bottle (2 Oz-fl),Case - 15/Bottle (2 Oz-fl),"PREP CATALOG ***11AM CUTOFF FOR NEXT DAY DELIVERY***, PREP CATALOG (LF) ***11AM CUTOFF FOR NEXT DAY DELIVERY***, OTF CATALOG",33.75,42.75,42.75,BTLD JUICE Antioxidants Wellness Shot (Bottle),4134 - Bottled Juice Sales,FALSE
OTF511,Juice - Inflammation Wellness Shot (15),pack,42.75,"INGREDIENTS: Lemon, ginger, turmeric, black pepper, agave BENEFITS: Anti-inflammatory, energy boost, digestive aid",Enabled,bottles,15,2.85,FALSE,lb,,,lb,,,,in,,,,N,,,BTLD JUICE Inflammation Wellness Shot (Bottle),300,Purchase,,TRUE,Bottled Juice,Bottle (2 Oz-fl),Case - 15/Bottle (2 Oz-fl),"PREP CATALOG ***11AM CUTOFF FOR NEXT DAY DELIVERY***, PREP CATALOG (LF) ***11AM CUTOFF FOR NEXT DAY DELIVERY***, OTF CATALOG",33.75,42.75,42.75,BTLD JUICE Inflammation Wellness Shot (Bottle),4134 - Bottled Juice Sales,FALSE
PASTRY5002,Loaf Bread - GF Zucchini,loaf,18,,Enabled,,,,FALSE,lb,,,lb,,,,in,,,,N,,,OTF Zucchini Bread,552,Recipe,,TRUE,Pastry,Each,Each,OTF CATALOG,1.137,50,1.71,OTF Zucchini Bread,4108 - Bakeshop Pastry Sales,FALSE
PASTRY5003,Loaf Bread - Lemon Poppyseed,loaf,16,,Enabled,,,,FALSE,lb,,,lb,,,,in,,,,N,,,OTF Lemon Poppyseed Bread,550,Recipe,,TRUE,Pastry,Each,Each,OTF CATALOG,0.8719,50,1.31,OTF Lemon Poppyseed Bread,4108 - Bakeshop Pastry Sales,FALSE
PASTRY5004,Loaf Bread - Pumpkin,loaf,16,,Enabled,,,,FALSE,lb,,,lb,,,,in,,,,N,,,OTF Pumpkin Bread,549,Recipe,,TRUE,Pastry,Each,Each,OTF CATALOG,1.3203,50,1.98,OTF Pumpkin Bread,4108 - Bakeshop Pastry Sales,FALSE
MNKY204,MNKY - Bar Tray (1),ea,29.96,,Enabled,,,,FALSE,lb,,,lb,,,,in,,,,,,,MNKY Bar Tray,307,Purchase,,TRUE,MNKY,Each,Each,MNKY ITEMS ***ADMIN USE ONLY***,30,0,30,MNKY Bar Tray,4100 - Food Sales,FALSE
MNKY410,MNKY - Berries On Cake Upcharge (1),ea,7.5,,Enabled,,,,FALSE,lb,,,lb,,,,in,,,,,,,MNKY Berries On Cake Upcharge,323,Purchase,,TRUE,MNKY,Each,Each,MNKY ITEMS ***ADMIN USE ONLY***,7.5,0,7.5,MNKY Berries On Cake Upcharge,4100 - Food Sales,FALSE
MNKY203,MNKY - Brownie Tray (1),ea,24.38,,Enabled,,,,FALSE,lb,,,lb,,,,in,,,,,,,MNKY Brownie Tray,328,Purchase,,TRUE,MNKY,Each,Each,MNKY ITEMS ***ADMIN USE ONLY***,24.5,0,24.5,MNKY Brownie Tray,4100 - Food Sales,FALSE
MNKY406,"MNKY - Cake 10"" (1)",ea,60,,Enabled,,,,FALSE,lb,,,lb,,,,in,,,,,,,"MNKY Cake 10""",327,Purchase,,TRUE,MNKY,Each,Each,MNKY ITEMS ***ADMIN USE ONLY***,60,0,60,"MNKY Cake 10""",4100 - Food Sales,FALSE
MNKY404,"MNKY - Cake 6"" (1)",ea,33.75,,Enabled,,,,FALSE,lb,,,lb,,,,in,,,,,,,"MNKY Cake 6""",326,Purchase,,TRUE,MNKY,Each,Each,MNKY ITEMS ***ADMIN USE ONLY***,33.75,0,33.75,"MNKY Cake 6""",4100 - Food Sales,FALSE
MNKY405,"MNKY - Cake 8"" (1)",ea,41.25,,Enabled,,,,FALSE,lb,,,lb,,,,in,,,,,,,"MNKY Cake 8""",325,Purchase,,TRUE,MNKY,Each,Each,MNKY ITEMS ***ADMIN USE ONLY***,41.25,0,41.25,"MNKY Cake 8""",4100 - Food Sales,FALSE
MNKY409,MNKY - Chocolate Plaque Upcharge (1),ea,2.25,,Enabled,,,,FALSE,lb,,,lb,,,,in,,,,,,,MNKY Chocolate Plaque Upcharge,324,Purchase,,TRUE,MNKY,Each,Each,MNKY ITEMS ***ADMIN USE ONLY***,2.25,0,2.25,MNKY Chocolate Plaque Upcharge,4100 - Food Sales,FALSE
MNKY401,MNKY - Coffee Cake (1),ea,33.75,,Enabled,,,,FALSE,lb,,,lb,,,,in,,,,,,,MNKY Coffee Cake,322,Purchase,,TRUE,MNKY,Each,Each,MNKY ITEMS ***ADMIN USE ONLY***,33.75,0,33.75,MNKY Coffee Cake,4100 - Food Sales,FALSE
MNKY506,MNKY - Cranberry Orange Chutney (1),ea,6.5,,Enabled,,,,FALSE,lb,,,lb,,,,in,,,,N,,,HOLIDAY Orange Cranberry Chutney,496,Recipe,,TRUE,MNKY,Pint,Pint,MNKY ITEMS ***ADMIN USE ONLY***,0,3,3,HOLIDAY Orange Cranberry Chutney,4106 - Comm Prepped Food Sales,FALSE
MNKY201,MNKY - Croissant Tray (1),ea,41.25,,Enabled,,,,FALSE,lb,,,lb,,,,in,,,,,,,MNKY Croissant Tray,321,Purchase,,TRUE,MNKY,Each,Each,MNKY ITEMS ***ADMIN USE ONLY***,41.25,0,41.25,MNKY Croissant Tray,4100 - Food Sales,FALSE
MNKY412,MNKY - Cupcakes (12),pack,40.5,,Enabled,,,,FALSE,lb,,,lb,,,,in,,,,,,,MNKY Cupcakes (12),320,Purchase,,TRUE,MNKY,Each,Each,MNKY ITEMS ***ADMIN USE ONLY***,40.5,0,40.5,MNKY Cupcakes (12),4100 - Food Sales,FALSE
MNKY413,MNKY - Cupcakes (24),pack,76.5,,Enabled,,,,FALSE,lb,,,lb,,,,in,,,,,,,MNKY Cupcakes (24),319,Purchase,,TRUE,MNKY,Each,Each,MNKY ITEMS ***ADMIN USE ONLY***,76.5,0,76.5,MNKY Cupcakes (24),4100 - Food Sales,FALSE
MNKY102,MNKY - Dozen Cookie Box (1),ea,13.13,,Enabled,,,,FALSE,lb,,,lb,,,,in,,,,,,,MNKY Cookie Box (12),318,Purchase,,TRUE,MNKY,Each,Each,MNKY ITEMS ***ADMIN USE ONLY***,13.5,0,13.5,MNKY Cookie Box (12),4100 - Food Sales,FALSE
MNKY407,MNKY - GF Cake Upcharge (1),ea,7.5,,Enabled,,,,FALSE,lb,,,lb,,,,in,,,,,,,MNKY GF/VEGAN Cake Upcharge,317,Purchase,,TRUE,MNKY,Each,Each,MNKY ITEMS ***ADMIN USE ONLY***,7.5,0,7.5,MNKY GF/VEGAN Cake Upcharge,4100 - Food Sales,FALSE
MNKY101,MNKY - GF Lunchbox Cookie (1),ea,0.5,,Enabled,,,,FALSE,lb,,,lb,,,,in,,,,,,,MNKY Lunchbox Cookie,315,Purchase,,TRUE,MNKY,Each,Each,MNKY ITEMS ***ADMIN USE ONLY***,0.5,0,0.5,MNKY Lunchbox Cookie,4100 - Food Sales,FALSE
MNKY202,MNKY - GF Muffin Tray (1),ea,18,,Enabled,,,,FALSE,lb,,,lb,,,,in,,,,,,,MNKY Muffin Tray,316,Purchase,,TRUE,MNKY,Each,Each,MNKY ITEMS ***ADMIN USE ONLY***,18,0,18,MNKY Muffin Tray,4100 - Food Sales,FALSE
MNKY205,MNKY - GF Pastry Tray (1),ea,26.4,,Enabled,,,,FALSE,lb,,,lb,,,,in,,,,,,,MNKY Pastry Tray,313,Purchase,,TRUE,MNKY,Each,Each,MNKY ITEMS ***ADMIN USE ONLY***,33,0,33,MNKY Pastry Tray,4100 - Food Sales,FALSE
MNKY504,MNKY - Green Chili Cornbread (1),ea,7.2,,Enabled,,,,FALSE,lb,,,lb,,,,in,,,,N,,,HOLIDAY Green Chili Cornbread,499,Recipe,,TRUE,MNKY,Quart,Quart,MNKY ITEMS ***ADMIN USE ONLY***,0,3,3,HOLIDAY Green Chili Cornbread,4106 - Comm Prepped Food Sales,FALSE
MNKY100,MNKY - Lunchbox Cookie (1),ea,0.5,,Enabled,,,,FALSE,lb,,,lb,,,,in,,,,,,,MNKY Lunchbox Cookie,315,Purchase,,TRUE,MNKY,Each,Each,MNKY ITEMS ***ADMIN USE ONLY***,0.5,0,0.5,MNKY Lunchbox Cookie,4100 - Food Sales,FALSE
MNKY103,MNKY - Macaron Sleeve (1),ea,22.5,,Enabled,,,,FALSE,lb,,,lb,,,,in,,,,,,,MNKY Macaron Sleeve,314,Purchase,,TRUE,MNKY,Each,Each,MNKY ITEMS ***ADMIN USE ONLY***,22.5,0,22.5,MNKY Macaron Sleeve,4100 - Food Sales,FALSE
MNKY200,MNKY - Pastry Tray (1),ea,33,,Enabled,,,,FALSE,lb,,,lb,,,,in,,,,,,,MNKY Pastry Tray,313,Purchase,,TRUE,MNKY,Each,Each,MNKY ITEMS ***ADMIN USE ONLY***,33,0,33,MNKY Pastry Tray,4100 - Food Sales,FALSE
MNKY402,MNKY - Pie (1),ea,24.75,,Enabled,,,,FALSE,lb,,,lb,,,,in,,,,,,,MNKY Pie,312,Purchase,,TRUE,MNKY,Each,Each,MNKY ITEMS ***ADMIN USE ONLY***,24.75,0,24.75,MNKY Pie,4100 - Food Sales,FALSE
MNKY400,MNKY - Quiche (1),ea,24.75,,Enabled,,,,FALSE,lb,,,lb,,,,in,,,,,,,MNKY Quiche,311,Purchase,,TRUE,MNKY,Each,Each,MNKY ITEMS ***ADMIN USE ONLY***,24.75,0,24.75,MNKY Quiche,4100 - Food Sales,FALSE
MNKY408,MNKY - Vegan Cake Upcharge (1),ea,7.5,,Enabled,,,,FALSE,lb,,,lb,,,,in,,,,,,,MNKY GF/VEGAN Cake Upcharge,317,Purchase,,TRUE,MNKY,Each,Each,MNKY ITEMS ***ADMIN USE ONLY***,7.5,0,7.5,MNKY GF/VEGAN Cake Upcharge,4100 - Food Sales,FALSE
PREP311,Mediterranean Pasta Salad (2QT),each,11.5,,Disabled,,,,FALSE,lb,,,lb,,,,in,,,,,,,PREP Pasta Salad Mediterranean,94,Recipe,,TRUE,Prepped Food,Quart,Half Gallon,,3.8197,50,5.73,PREP Pasta Salad Mediterranean,4106 - Comm Prepped Food Sales,FALSE
PASTRY5021,Muffin - Vegan Bran (3),case,8.25,,Enabled,,,,FALSE,lb,,,lb,,,,in,,,,N,,,OTF Vegan Bran Muffin,506,Recipe,,TRUE,Pastry,Each,Each,OTF CATALOG,0.9774,50,1.47,OTF Vegan Bran Muffin,4108 - Bakeshop Pastry Sales,FALSE
RETAIL0011,Oatmeal Jar (6),pack,16.5,,Enabled,,,,FALSE,lb,,,lb,,,,in,,,,,,,MI Oatmeal Jar,424,Recipe,,TRUE,Retail Food,Each,Pack (6 CT),RETAIL CATALOG ***MONDAY FOR TUESDAY 11AM CUTOFF***,12.8551,55,19.93,MI Oatmeal Jar,4201 - Retail Food Sales,FALSE
OTF4001,Panini - Caprese (6),pack,21,,Enabled,,,,FALSE,lb,,,lb,,,,in,,,,,,,OTF Panini Caprese,28,Recipe,,TRUE,Grab & Go,Each,Pack (6 CT),PREP CATALOG (LF) ***11AM CUTOFF FOR NEXT DAY DELIVERY***,14.5561,50,21.83,OTF Panini Caprese,4106 - Comm Prepped Food Sales,FALSE
OTF4000,Panini - Cubano (6),pack,22.5,,Enabled,,,,FALSE,lb,,,lb,,,,in,,,,,,,OTF Panini Cubano,37,Recipe,,TRUE,Grab & Go,Each,Pack (6 CT),PREP CATALOG (LF) ***11AM CUTOFF FOR NEXT DAY DELIVERY***,17.6551,50,26.48,OTF Panini Cubano,4106 - Comm Prepped Food Sales,FALSE
PASTRY9001,Pastry - Chocolate Dipped Strawberries (12),case,18,,Disabled,,,,FALSE,lb,,,lb,,,,in,,,,N,,,PASTRY ITEM Chocolate Dipped Strawberries,573,Recipe,,TRUE,,Each,Each,,0,0,0,PASTRY ITEM Chocolate Dipped Strawberries,4101 - Pastry Sales,FALSE
PASTRY6006,Pastry - Oatmeal Creme Pie (6),case,17.1,,Enabled,,,,FALSE,lb,,,lb,,,,in,,,,N,,,PASTRY ITEM Oatmeal Creme Pie,65,Recipe,,TRUE,Pastry,Each,Pack (6 CT),PASTRY CATALOG ***2PM CUTOFF FOR NEXT DAY DELIVERY***,4.754,50,7.13,PASTRY ITEM Oatmeal Creme Pie,4108 - Bakeshop Pastry Sales,FALSE
PASTRY6040,Pot Pie - Pork Green Chili (6),pack,24,,Enabled,,,,FALSE,lb,,,lb,,,,in,,,,,,,OTF Pot Pie Pork Green Chili,564,Recipe,,TRUE,Pastry,Each,Each,OTF CATALOG,3.8603,50,5.79,OTF Pot Pie Pork Green Chili,4108 - Bakeshop Pastry Sales,FALSE
PASTRY6007,Quiche Florentine (6),pack,30,,Enabled,,,,FALSE,lb,,,lb,,,,in,,,,,,,OTF Quiche Florentine,534,Recipe,,TRUE,Pastry,Each,Each,OTF CATALOG,4.6728,50,7.01,OTF Quiche Florentine,4108 - Bakeshop Pastry Sales,FALSE
PASTRY6016,"Quiche Florentine 9"" (3)",pack,66.24,,Enabled,,,,FALSE,lb,,,lb,,,,in,,,,,,,OTF Quiche Florentine,534,Recipe,,TRUE,Pastry,Each,Each,OTF CATALOG,4.6728,50,7.01,OTF Quiche Florentine,4108 - Bakeshop Pastry Sales,FALSE
PASTRY6008,Quiche Lorraine (6),pack,30,,Enabled,,,,FALSE,lb,,,lb,,,,in,,,,,,,OTF Quiche Lorraine,533,Recipe,,TRUE,Pastry,Each,Each,OTF CATALOG,4.7962,50,7.19,OTF Quiche Lorraine,4108 - Bakeshop Pastry Sales,FALSE
PREP403,Roasted Tomatoes (12),pack,12,,Enabled,,,,FALSE,lb,,,lb,,,,in,,,,,,,Z - Roasted Tomatoes (12),205,Purchase,,TRUE,Prepped Food,Pack (12 CT),Pack (12 CT),PREP CATALOG (LF) ***11AM CUTOFF FOR NEXT DAY DELIVERY***,12,0,12,Z - Roasted Tomatoes (12),4106 - Comm Prepped Food Sales,FALSE
PASTRY5036,Roll - Rosemary Kouign Amman (3),pack,9.38,,Disabled,,,,FALSE,lb,,,lb,,,,in,,,,N,,,MI Rosemary Kouign-Amann,425,Recipe,,TRUE,Pastry,Each,Pack (3 CT),PASTRY CATALOG ***2PM CUTOFF FOR NEXT DAY DELIVERY***,2.9733,50,4.46,MI Rosemary Kouign-Amann,4108 - Bakeshop Pastry Sales,FALSE
OTF894.1,Salad - ASIAN CHICKEN NOODLE SALAD,each,5.75,"Herb roasted chicken, bean thread noodles tossed with hearty, healthy and refreshing salad of cucumbers, carrots, red cabbage, green cabbage, red onions, roasted peanuts, toasted sesame seeds, cilantro and a sesame soy vinaigrette",Enabled,,,,FALSE,lb,,0,lb,,,,in,,8.50007E+11,,N,,,OTF Salad Asian Chicken Noodle,112,Recipe,,TRUE,Grab & Go,Each,Each,OTF CATALOG,2.3173,50,3.48,OTF Salad Asian Chicken Noodle,4104 - Grab & Go Food Sales,FALSE
OTF891,Salad - CHICKEN CAESAR SALAD,each,5.95,"Our take on the classic salad with herb roasted chicken breasts, romaine lettuce, parmigiano-reggiano and caesar dressing",Enabled,,,,FALSE,lb,,0,lb,,,,in,,8.50007E+11,,N,,,OTF Salad Chicken Caesar,24,Recipe,,TRUE,Grab & Go,Each,Each,OTF CATALOG,2.6509,50,3.98,OTF Salad Chicken Caesar,4104 - Grab & Go Food Sales,FALSE
OTF715,Salad - CHOPPED ASIAN CHICKEN SALAD,each,5.75,"Herb roasted chicken, cucumbers, cabbage, cilantro, roasted peanuts, toasted sesame, crispy noodles tossed with mesclun greens and a peanut dressing.",Enabled,,,,FALSE,lb,,,lb,,,,in,,8.50007E+11,,,,,OTF Salad Chopped Asian Chicken,15,Recipe,,TRUE,Grab & Go,Each,Each,PREP CATALOG (LF) ***11AM CUTOFF FOR NEXT DAY DELIVERY***,2.5013,50,3.75,OTF Salad Chopped Asian Chicken,4104 - Grab & Go Food Sales,FALSE
OTF716,Salad - CLASSIC BEET SALAD,each,5.5,"Roasted beets, bleu cheese, candied walnuts, red onions and mesclun greens with a champagne vinaigrette.",Enabled,,,,FALSE,lb,,,lb,,,,in,,8.50007E+11,,,,,OTF Salad Classic Beet,426,Recipe,,TRUE,Grab & Go,Each,Each,,2.798,50,4.2,OTF Salad Classic Beet,4104 - Grab & Go Food Sales,FALSE
OTF711,Salad - CURRY BIRD SALAD,each,5.5,"A blend of curried turkey and chicken with onion, celery and raisins in our secret dressing on a bed of kale, spinach, cabbage and red onions with an apple cider vinaigrette.",Enabled,,,,FALSE,lb,,,lb,,,,in,,8.50007E+11,,,,,OTF Salad Curry Bird,13,Recipe,,TRUE,Grab & Go,Each,Each,,2.6997,50,4.05,OTF Salad Curry Bird,4104 - Grab & Go Food Sales,FALSE
OTF709,Salad - ITALIAN CHOPPED SALAD,each,5.75,"Genoa salami, havarti, pepperoncini, cucumbers, red onions, tomatoes, chickpeas and romaine with an herb vinaigrette",Enabled,,,,FALSE,lb,,,lb,,,,in,,8.50007E+11,,,,,OTF Salad Italian Chopped,427,Recipe,,TRUE,Grab & Go,Each,Each,"PREP CATALOG (LF) ***11AM CUTOFF FOR NEXT DAY DELIVERY***, OTF CATALOG",2.8467,50,4.27,OTF Salad Italian Chopped,4104 - Grab & Go Food Sales,FALSE
OTF890,Salad - KALE & FARRO SALAD,each,5.5,"Hearty and healthy salad of kale, farro, herb roasted carrots, chickpeas, feta cheese, grape tomatoes, golden raisins, toasted sunflower seeds and an apple cider vinaigrette",Enabled,,,,FALSE,lb,,0,lb,,,,in,,8.50007E+11,,N,,,OTF Salad Kale & Farro,12,Recipe,,TRUE,Grab & Go,Each,Each,PREP CATALOG (LF) ***11AM CUTOFF FOR NEXT DAY DELIVERY***,2.7412,50,4.11,OTF Salad Kale & Farro,4104 - Grab & Go Food Sales,FALSE
OTF714,Salad - SESAME TOFU SALAD,each,5.5,"Seasoned tofu, bean thread noodles tossed with carrots, red cabbage, green cabbage, red onions, mesclun greens and a sesame soy vinaigrette.",Enabled,,,,FALSE,lb,,,lb,,,,in,,8.50007E+11,,,,,OTF Salad Sesame Tofu,10,Recipe,,TRUE,Grab & Go,Each,Each,OTF CATALOG,1.8334,50,2.75,OTF Salad Sesame Tofu,4104 - Grab & Go Food Sales,FALSE
OTF713,Salad - SOUTHWEST TURKEY SALAD,each,5.75,"Herb roasted turkey, black beans, corn, red onions, romaine, spinach, tomatoes and cheddar cheese with cilantro lime dressing.",Enabled,,,,FALSE,lb,,,lb,,,,in,,8.50007E+11,,,,,OTF Southwest Turkey Salad,431,Recipe,,TRUE,Grab & Go,Each,Each,,2.4941,50,3.74,OTF Southwest Turkey Salad,4104 - Grab & Go Food Sales,FALSE
OTF712,Salad - TURKEY GRAIN SALAD,each,5.75,"Herb roasted turkey, goat cheese, farro, blueberries, pepitas, garbanzo beans, red onions, mesclun greens with a citrus herb vinaigrette.",Enabled,,,,FALSE,lb,,,lb,,,,in,,8.50007E+11,,,,,OTF Turkey Grain Salad,432,Recipe,,TRUE,Grab & Go,Each,Each,OTF CATALOG,2.9695,50,4.45,OTF Turkey Grain Salad,4104 - Grab & Go Food Sales,FALSE
OTF878,Sandwich  - HAM & SWISS CHEESE ON CROISSANT,each,5.95,"Ham, Swiss cheese, dijonaise, pickle relish, lettuce and tomatoes on a fresh baked croissant",Enabled,,,,FALSE,lb,,0,lb,,,,in,,8.50007E+11,,N,,,OTF Sandwich Ham & Swiss on Croissant,448,Recipe,,TRUE,Grab & Go,Each,Each,,2.3817,50,3.57,OTF Sandwich Ham & Swiss on Croissant,4104 - Grab & Go Food Sales,FALSE
OTF701,Sandwich - CHICKEN CAPRESE SANDWICH,each,5.95,"Herb crusted, roasted and hand carved chicken breasts with provolone, nut free basil “pesto” aioli, tomatoes and spinach on a fresh baked baguette.",Enabled,,,,FALSE,lb,,,lb,,,,in,,8.50007E+11,,,,,OTF Sandwich Chicken Caprese,450,Recipe,,TRUE,Grab & Go,Each,Each,OTF CATALOG,2.576,50,3.86,OTF Sandwich Chicken Caprese,4104 - Grab & Go Food Sales,FALSE
OTF879,Sandwich - CHICKEN CLUB SANDWICH,each,5.5,"Herb crusted, roasted and hand carved chicken breast, bacon, cheddar, garlic aioli, lettuce, and tomatoes on multigrain bread",Enabled,,,,FALSE,lb,,0,lb,,,,in,,8.50007E+11,,N,,,OTF Sandwich Chicken Club,22,Recipe,,TRUE,Grab & Go,Each,Each,OTF CATALOG,2.4561,50,3.68,OTF Sandwich Chicken Club,4104 - Grab & Go Food Sales,FALSE
OTF873,Sandwich - CURRY CHICKEN SALAD SANDWICH,each,4.75,"Herb crusted, roasted and hand carved chicken breast tossed with onions, celery, raisins, and our special curry dressing, with lettuce and tomatoes on multigrain bread",Enabled,,,,FALSE,lb,,0,lb,,,,in,,8.50007E+11,,N,,,OTF Sandwich Curry Chicken Salad,452,Recipe,,TRUE,Grab & Go,Each,Each,OTF CATALOG,2.5967,50,3.9,OTF Sandwich Curry Chicken Salad,4104 - Grab & Go Food Sales,FALSE
OTF875,Sandwich - CURRY CHICKPEA SANDWICH,each,5.25,"Curry chickpea salad, lettuce, and roasted tomatoes on a fresh baked baguette",Enabled,,,,FALSE,lb,,,lb,,,,in,,8.50007E+11,,N,,,OTF Sandwich Curry Chickpea,451,Recipe,,TRUE,Grab & Go,Each,Each,OTF CATALOG,1.8658,50,2.8,OTF Sandwich Curry Chickpea,4104 - Grab & Go Food Sales,FALSE
OTF1100,Sandwich - HAM & CHEDDAR,1,4.75,"Ham, cheddar cheese, garlic aioli, lettuce, and tomatoes on old fashioned white bread",Enabled,,,,FALSE,lb,,,lb,,,,in,,8.50007E+11,,N,,,OTF Sandwich Ham & Cheddar,436,Recipe,,TRUE,Grab & Go,Each,Each,,2.2806,50,3.42,OTF Sandwich Ham & Cheddar,4104 - Grab & Go Food Sales,FALSE
OTF1101,Sandwich - HAM & CHEDDAR ON PRETZEL ROLL,1,5.75,"Ham, cheddar cheese, dijonnaise, lettuce, and tomatoes on a fresh baked pretzel roll",Enabled,,,,FALSE,lb,,,lb,,,,in,,8.50007E+11,,N,,,OTF Sandwich Ham & Cheddar on Pretzel Roll,443,Recipe,,TRUE,Grab & Go,Each,Each,,2.3358,50,3.5,OTF Sandwich Ham & Cheddar on Pretzel Roll,4104 - Grab & Go Food Sales,FALSE
OTF1001,Sandwich - PEANUT BUTTER & JELLY,each,4.25,Creamy peanut butter and strawberry jelly on old fashioned white bread,Enabled,,,,FALSE,lb,,,lb,,,,in,,8.50007E+11,,N,,,OTF Sandwich Peanut Butter & Jelly,444,Recipe,,TRUE,Grab & Go,Each,Each,OTF CATALOG,1.7501,50,2.63,OTF Sandwich Peanut Butter & Jelly,4104 - Grab & Go Food Sales,FALSE
OTF705,Sandwich - PEANUT BUTTER & NUTELLA SANDWICH,each,4.5,Creamy peanut butter and nutella on old fashioned white bread.,Enabled,,,,FALSE,lb,,,lb,,,,in,,8.50007E+11,,,,,OTF Sandwich Peanut Butter & Nutella,445,Recipe,,TRUE,Grab & Go,Each,Each,,1.844,50,2.77,OTF Sandwich Peanut Butter & Nutella,4104 - Grab & Go Food Sales,FALSE
OTF704,Sandwich - ROAST BEEF & PROVOLONE SANDWICH,each,5.5,"Herb crusted, roasted and hand carved beef, provolone, garlic aioli, lettuce, onions and tomatoes on multigrain bread.",Enabled,,,,FALSE,lb,,,lb,,,,in,,8.50007E+11,,,,,OTF Sandwich Roast Beef & Provolone,435,Recipe,,TRUE,Grab & Go,Each,Each,OTF CATALOG,2.4712,50,3.71,OTF Sandwich Roast Beef & Provolone,4104 - Grab & Go Food Sales,FALSE
OTF703,Sandwich - ROAST BEEF BAGUETTE SANDWICH,each,5.95,"Herb crusted, roasted and hand carved beef, herbed cheese, sun dried tomatoes, caramelized onions and arugula on a fresh baked baguette.",Enabled,,,,FALSE,lb,,,lb,,,,in,,8.50007E+11,,,,,OTF Sandwich Roast Beef Baguette,446,Recipe,,TRUE,Grab & Go,Each,Each,OTF CATALOG,3.1494,50,4.72,OTF Sandwich Roast Beef Baguette,4104 - Grab & Go Food Sales,FALSE
OTF871,Sandwich - ROAST CHICKEN SANDWICH,each,7.07,"Herb crusted, roasted and hand carved chicken breasts with provolone, nut free basil “pesto” aioli, tomatoes and spinach on a fresh baked baguette",Disabled,,,,FALSE,lb,,,lb,,,,in,,8.50007E+11,,N,,,OTF Sandwich SW Chicken,442,Recipe,,TRUE,Grab & Go,Each,Each,PREP CATALOG (LF) ***11AM CUTOFF FOR NEXT DAY DELIVERY***,2.4514,50,3.68,OTF Sandwich SW Chicken,4104 - Grab & Go Food Sales,FALSE
OTF1102,Sandwich - TRADITIONAL CHICKEN SALAD SANDWICH,1,4.5,"Herb crusted, roasted and hand carved chicken breast tossed with onions, celery, and our secret dressing, with lettuce and tomatoes on old fashioned white bread",Enabled,,,,FALSE,lb,,,lb,,,,in,,8.50007E+11,,N,,,OTF Sandwich Traditional Chicken Salad,447,Recipe,,TRUE,Grab & Go,Each,Each,,2.3354,50,3.5,OTF Sandwich Traditional Chicken Salad,4104 - Grab & Go Food Sales,FALSE
OTF879.1,"Sandwich - TURKEY, HAM & SWISS SANDWICH",each,5.5,"Herb crusted, roasted and hand carved turkey breast, ham, Swiss cheese, dijonaise, lettuce, and tomatoes on multigrain bread",Enabled,,,,FALSE,lb,,0,lb,,,,in,,8.50007E+11,,N,,,"OTF Sandwich Turkey, Ham & Swiss",453,Recipe,,TRUE,Grab & Go,Each,Each,OTF CATALOG,2.2152,50,3.32,"OTF Sandwich Turkey, Ham & Swiss",4104 - Grab & Go Food Sales,FALSE
PASTRY4010,Savory Croissant - Ham & Cheese (6),case,23.7,,Enabled,,,,FALSE,lb,,,lb,,,,in,,,,N,,,PASTRY Croissant Ham & Cheese,45,Recipe,,TRUE,Pastry,Each,Pack (6 CT),PASTRY CATALOG ***2PM CUTOFF FOR NEXT DAY DELIVERY***,10.2331,50,15.35,PASTRY ITEM Croissant Ham & Cheese,4108 - Bakeshop Pastry Sales,FALSE
PASTRY6000,Savory Hand Pie - Buffalo Chicken (6),case,22.5,,Disabled,,,,FALSE,lb,,,lb,,,,in,,,,N,,,Z - Savory Hand Pie - Buffalo Chicken (6),330,Purchase,,TRUE,Pastry,Each,Case - 6/CT,PASTRY CATALOG ***2PM CUTOFF FOR NEXT DAY DELIVERY***,22.5,0,22.5,Z - Savory Hand Pie - Buffalo Chicken (6),4101 - Pastry Sales,FALSE
PASTRY4013,Scone - GF Blueberry Drop Scone (3),case,7.35,,Enabled,,,,FALSE,lb,,0,lb,,,,in,,,,N,,,OTF Blueberry Drop Scone,511,Recipe,,TRUE,Pastry,Each,Each,OTF CATALOG,0.9776,50,1.47,OTF Blueberry Drop Scone,4108 - Bakeshop Pastry Sales,FALSE
OTF830,"Side Salad - ""PESTO"" PASTA",each,3.25,Bowtie pasta with spinach and tomatoes tossed with our nut free “pesto” aioli and sprinkled with parmesan,Enabled,,,,FALSE,lb,,0,lb,,,,in,,8.50007E+11,,N,,,OTF Side Salad Pesto Pasta,6,Recipe,,TRUE,Grab & Go,Each,Each,"PREP CATALOG (LF) ***11AM CUTOFF FOR NEXT DAY DELIVERY***, OTF CATALOG",1.1759,50,1.76,OTF Side Salad Pesto Pasta,4104 - Grab & Go Food Sales,FALSE
OTF831,Side Salad - ASIAN SLAW,each,3.05,"Hearty, healthy and refreshing salad of carrots, purple cabbage, green cabbage, red onions, cilantro, roasted peanuts, toasted sesame seeds and a sesame vinaigrette",Enabled,,,,FALSE,lb,,0,lb,,,,in,,8.50007E+11,,N,,,OTF Side Salad Asian Slaw,9,Recipe,,TRUE,Grab & Go,Each,Each,,1.4392,50,2.16,OTF Side Salad Asian Slaw,4104 - Grab & Go Food Sales,FALSE
OTF833,Side Salad - BUFFALO CHICKEN SIDE SALAD,each,7.5,"Herb roasted chicken breast, red onions, celery, bleu cheese and our secret buffalo dressing",Enabled,,,,FALSE,lb,,0,lb,,,,in,,8.50007E+11,,N,,,OTF Side Salad Buffalo Chicken,458,Recipe,,TRUE,Grab & Go,Each,Each,,2.0327,50,3.05,OTF Side Salad Buffalo Chicken,4104 - Grab & Go Food Sales,FALSE
OTF834,Side Salad - CLASSIC POTATO SALAD,each,3.05,"Our O&F classic potato salad with red onions, celery, hard boiled eggs in our secret dressing",Enabled,,,,FALSE,lb,,0,lb,,,,in,,8.50007E+11,,N,,,OTF Side Salad Classic Potato,8,Recipe,,TRUE,Grab & Go,Each,Each,,1.7529,50,2.63,OTF Side Salad Classic Potato,4104 - Grab & Go Food Sales,FALSE
OTF832,Side Salad - CURRY CHICKEN SALAD,each,7.5,"Roast chicken breasts tossed with onions, celery, raisins and our special curry dressing",Enabled,,,,FALSE,lb,,0,lb,,,,in,,8.50007E+11,,N,,,OTF Side Salad Curry Chicken,457,Recipe,,TRUE,Grab & Go,Each,Each,,2.608,50,3.91,OTF Side Salad Curry Chicken,4104 - Grab & Go Food Sales,FALSE
OTF719,Side Salad - CURRY CHICKPEA SIDE SALAD,each,3.15,"Chickpeas, carrots, celery, onions, cilantro, raisins and a blend of spices on a bed of greens.",Enabled,,,,FALSE,lb,,,lb,,,,in,,8.50007E+11,,,,,OTF Side Salad Curry Chickpea,459,Recipe,,TRUE,Grab & Go,Each,Each,,1.3333,50,2,OTF Side Salad Curry Chickpea,4104 - Grab & Go Food Sales,FALSE
OTF717,Side Salad - MEDITERRANEAN PASTA SIDE SALAD,each,3.25,"Penne pasta with tomatoes, red onions, cucumbers, capers, olives and parsley tossed with an herb dressing and sprinkled with feta.",Enabled,,,,FALSE,lb,,,lb,,,,in,,8.50007E+11,,,,,OTF Mediterranean Pasta Salad Side,579,Recipe,,TRUE,Grab & Go,Each,Each,OTF CATALOG,2.0964,50,3.14,OTF Mediterranean Pasta Salad Side,4104 - Grab & Go Food Sales,FALSE
OTF826,Snack Box - BUFFALO CHICKEN SALAD SNACK BOX,each,5.25,"Herb roasted chicken breast, red onions, celery, bleu cheese and our secret buffalo dressing, with grape tomatoes, cucumbers and GF crackers",Enabled,,,,FALSE,lb,,0,lb,,,,in,,8.50007E+11,,N,,,OTF Snack Box Buffalo Chicken Salad,461,Recipe,,TRUE,Grab & Go,Each,Each,,2.1441,50,3.22,OTF Snack Box Buffalo Chicken Salad,4104 - Grab & Go Food Sales,FALSE
OTF721,Snack Box - FRESH SEASONAL BERRIES,each,3.95,Fresh seasonal berries.,Enabled,,,,FALSE,lb,,,lb,,,,in,,8.50007E+11,,,,,OTF Snack Box Fresh Seasonal Berries,19,Recipe,,TRUE,Grab & Go,Each,Each,"PREP CATALOG (LF) ***11AM CUTOFF FOR NEXT DAY DELIVERY***, OTF CATALOG",1.6481,50,2.47,OTF Snack Box Fresh Seasonal Berries,4104 - Grab & Go Food Sales,FALSE
OTF722,Snack Box - HARD BOILED EGGS,each,2.95,"Two hard boiled eggs, salt and pepper on a bed of greens.",Enabled,,,,FALSE,lb,,,lb,,,,in,,8.50007E+11,,,,,OTF Snack Box Hard Boiled Eggs,433,Recipe,,TRUE,Grab & Go,Each,Each,OTF CATALOG,2.2056,50,3.31,OTF Snack Box Hard Boiled Eggs,4104 - Grab & Go Food Sales,FALSE
OTF825,Snack Box - HUMMUS & VEGGIES SNACK BOX,each,4.5,"Traditional house made hummus with fresh cut carrots, celery and grape tomatoes",Enabled,,,,FALSE,lb,,0,lb,,,,in,,8.50007E+11,,N,,,OTF Snack Box Hummus & Veggies,38,Recipe,,TRUE,Grab & Go,Each,Each,OTF CATALOG,2.075,50,3.11,OTF Snack Box Hummus & Veggies,4104 - Grab & Go Food Sales,FALSE
OTF1002,Snack Box - SEEDLESS GRAPES,each,3.5,1/2 pound of fresh seasonal seedless grapes,Enabled,,,,FALSE,lb,,,lb,,,,in,,8.50007E+11,,N,,,OTF Snack Box Seedless Grapes,5,Recipe,,TRUE,Grab & Go,Each,Each,"PREP CATALOG (LF) ***11AM CUTOFF FOR NEXT DAY DELIVERY***, OTF CATALOG",1.6512,50,2.48,OTF Snack Box Seedless Grapes,4104 - Grab & Go Food Sales,FALSE
PASTRY1021,Tart - Lemon Meringue (6),case,18.98,,Enabled,,,,FALSE,lb,,0,lb,,,,in,,,,,,,Z - Lemon Meringue Tart,127,Purchase,,TRUE,Pastry,Pack (6 CT),Pack (6 CT),PASTRY CATALOG ***2PM CUTOFF FOR NEXT DAY DELIVERY***,18.98,0,18.98,Z - Lemon Meringue Tart,4108 - Bakeshop Pastry Sales,FALSE
OF50,Tart - Pear Almond (6),case,25.12,,Enabled,,,,FALSE,lb,,0,lb,,,,in,,,,,,,Z - Tart - Pear Almond (6),151,Purchase,,TRUE,Pastry,Pack (6 CT),Pack (6 CT),PASTRY CATALOG ***2PM CUTOFF FOR NEXT DAY DELIVERY***,18,0,18,Z - Tart - Pear Almond (6),4108 - Bakeshop Pastry Sales,FALSE
PASTRY1041,Twinkie - White Chocolate Dipped,pack,15.75,,Disabled,,,,FALSE,lb,,,lb,,,,in,,,,,,,Z - Twinkie - White Chocolate Dipped (6),337,Purchase,,TRUE,Pastry,Each,Pack (6 CT),PASTRY CATALOG ***2PM CUTOFF FOR NEXT DAY DELIVERY***,15.75,0,15.75,Z - Twinkie - White Chocolate Dipped (6),4100 - Food Sales,FALSE
OFCook,UNIFORM - Cook Shirt,1,16.99,,Disabled,,,,FALSE,lb,,,lb,,,,in,,,,,,,UNIFORM Cook Shirt L,374,Purchase,,TRUE,Retail,Each,Each,RETAIL CATALOG ***MONDAY FOR TUESDAY 11AM CUTOFF***,0,23,23,UNIFORM Cook Shirt L,4202 - Retail Merchandise Sales,FALSE
OF35,Uniform - Apron,each,10,,Disabled,,,,FALSE,lb,,0,lb,,,,in,,,,,,,UNIFORM Apron,371,Purchase,,TRUE,Retail,Each,Each,RETAIL CATALOG ***MONDAY FOR TUESDAY 11AM CUTOFF***,0,30,30,UNIFORM Apron,4202 - Retail Merchandise Sales,FALSE
OFBib,Uniform - Apron Bib,each,50,Full size bib apron,Disabled,,,,FALSE,lb,,,lb,,,,in,,,,,,,UNIFORM Apron,371,Purchase,,TRUE,Retail,Each,Each,RETAIL CATALOG ***MONDAY FOR TUESDAY 11AM CUTOFF***,0,30,30,UNIFORM Apron,4202 - Retail Merchandise Sales,FALSE
OFBallhat,Uniform - Baseball Hat,o/s,5.86,,Disabled,,,,FALSE,lb,,,lb,,,,in,,,,,,,UNIFORM Baseball Hat,396,Purchase,,TRUE,Retail,Each,Each,RETAIL CATALOG ***MONDAY FOR TUESDAY 11AM CUTOFF***,0,10,10,UNIFORM Baseball Hat,4202 - Retail Merchandise Sales,FALSE
OFmpolo,Uniform - Mens Polo,medium,14.72,,Disabled,,,,FALSE,lb,,,lb,,,,in,,,,,,,UNIFORM Polo M,380,Purchase,,TRUE,Retail,Each,Each,RETAIL CATALOG ***MONDAY FOR TUESDAY 11AM CUTOFF***,0,15,15,UNIFORM Polo M,4202 - Retail Merchandise Sales,FALSE
OFmpolo,Uniform - Mens Polo,large,14.72,,Disabled,,,,FALSE,lb,,,lb,,,,in,,,,,,,UNIFORM Polo M,380,Purchase,,TRUE,Retail,Each,Each,RETAIL CATALOG ***MONDAY FOR TUESDAY 11AM CUTOFF***,0,15,15,UNIFORM Polo M,4202 - Retail Merchandise Sales,FALSE
OFmpolo,Uniform - Mens Polo,xx-large,14.72,,Disabled,,,,FALSE,lb,,,lb,,,,in,,,,,,,UNIFORM Polo M,380,Purchase,,TRUE,Retail,Each,Each,RETAIL CATALOG ***MONDAY FOR TUESDAY 11AM CUTOFF***,0,15,15,UNIFORM Polo M,4202 - Retail Merchandise Sales,FALSE
OFmpolo,Uniform - Mens Polo,x-large,14.72,,Disabled,,,,FALSE,lb,,,lb,,,,in,,,,,,,UNIFORM Polo M,380,Purchase,,TRUE,Retail,Each,Each,RETAIL CATALOG ***MONDAY FOR TUESDAY 11AM CUTOFF***,0,15,15,UNIFORM Polo M,4202 - Retail Merchandise Sales,FALSE
OFWomens,Uniform - Women's Shirt,large,11.45,,Disabled,,,,FALSE,lb,,,lb,,,,in,,,,,,,UNIFORM SS Womens S,386,Purchase,,TRUE,Retail,Each,Each,RETAIL CATALOG ***MONDAY FOR TUESDAY 11AM CUTOFF***,0,7,7,UNIFORM SS Womens S,4202 - Retail Merchandise Sales,FALSE
OFWomens,Uniform - Women's Shirt,small,11.45,,Disabled,,,,FALSE,lb,,,lb,,,,in,,,,,,,UNIFORM SS Womens S,386,Purchase,,TRUE,Retail,Each,Each,RETAIL CATALOG ***MONDAY FOR TUESDAY 11AM CUTOFF***,0,7,7,UNIFORM SS Womens S,4202 - Retail Merchandise Sales,FALSE
OFWomens,Uniform - Women's Shirt,medium,11.45,,Disabled,,,,FALSE,lb,,,lb,,,,in,,,,,,,UNIFORM SS Womens S,386,Purchase,,TRUE,Retail,Each,Each,RETAIL CATALOG ***MONDAY FOR TUESDAY 11AM CUTOFF***,0,7,7,UNIFORM SS Womens S,4202 - Retail Merchandise Sales,FALSE
OFWomens,Uniform - Women's Shirt,x-large,11.45,,Disabled,,,,FALSE,lb,,,lb,,,,in,,,,,,,UNIFORM SS Womens S,386,Purchase,,TRUE,Retail,Each,Each,RETAIL CATALOG ***MONDAY FOR TUESDAY 11AM CUTOFF***,0,7,7,UNIFORM SS Womens S,4202 - Retail Merchandise Sales,FALSE
OFwpolo,Uniform - Womens Polo,large,14.72,,Disabled,,,,FALSE,lb,,,lb,,,,in,,,,,,,UNIFORM SS Womens L,384,Purchase,,TRUE,Retail,Each,Each,RETAIL CATALOG ***MONDAY FOR TUESDAY 11AM CUTOFF***,0,7,7,UNIFORM SS Womens L,4202 - Retail Merchandise Sales,FALSE
OFwpolo,Uniform - Womens Polo,x-large,14.72,,Disabled,,,,FALSE,lb,,,lb,,,,in,,,,,,,UNIFORM SS Womens L,384,Purchase,,TRUE,Retail,Each,Each,RETAIL CATALOG ***MONDAY FOR TUESDAY 11AM CUTOFF***,0,7,7,UNIFORM SS Womens L,4202 - Retail Merchandise Sales,FALSE
OFwpolo,Uniform - Womens Polo,small,14.72,,Disabled,,,,FALSE,lb,,,lb,,,,in,,,,,,,UNIFORM SS Womens L,384,Purchase,,TRUE,Retail,Each,Each,RETAIL CATALOG ***MONDAY FOR TUESDAY 11AM CUTOFF***,0,7,7,UNIFORM SS Womens L,4202 - Retail Merchandise Sales,FALSE
OTF706,Wrap - TURKEY ARTICHOKE WRAP,each,5.75,"Herb roasted turkey, sun dried tomatoes, artichokes, herbed cheese, garlic aioli, wrapped with lettuce in a white tortilla.",Enabled,,,,FALSE,lb,,,lb,,,,in,,8.50007E+11,,,,,OTF Wrap Turkey & Artichoke,27,Recipe,,TRUE,Grab & Go,Each,Each,OTF CATALOG,2.0183,50,3.03,OTF Wrap Turkey & Artichoke,4104 - Grab & Go Food Sales,FALSE