BlueCart Name,Units,R365 Commissary Item,Location,Order Guides
Bars - GF - Chocolate Peanut Butter Bar (12),case,MI Chocolate Peanut Butter Bar,Collective,PASTRY CATALOG ***2PM CUTOFF FOR NEXT DAY DELIVERY***
Bars - Vegan Chocolate Date (6),case,MI Vegan Chocolate Date Bar,Collective,PASTRY CATALOG ***2PM CUTOFF FOR NEXT DAY DELIVERY***
Bars - Vegan Fruit Crumble (6),case,MI Vegan Fruit Crumble Bar,Collective,PASTRY CATALOG ***2PM CUTOFF FOR NEXT DAY DELIVERY***
Bowl - CHICKEN PESTO FETTUCCINE BOWL,each,"OTF Chicken ""Pesto"" Fettuccine Bowl",Collective,OTF CATALOG
Bowl - FETTUCCINE & MEATBALLS BOWL,each,OTF Fettuccine & Meatball Bowl,Collective,OTF CATALOG
"Breakfast - BACON, EGG & CHEESE BURRITO",each,OTF Burrito Breakfast Bacon,Collective,"PREP CATALOG (LF) ***11AM CUTOFF FOR NEXT DAY DELIVERY***, OTF CATALOG"
"Breakfast - CHORIZO, EGG & CHEESE BURRITO",each,OTF Burrito Breakfast Chorizo,Collective,"PREP CATALOG (LF) ***11AM CUTOFF FOR NEXT DAY DELIVERY***, OTF CATALOG"
Breakfast - EGG & CHEESE BURRITO,each,OTF Burrito Breakfast Egg & Cheese,Collective,"PREP CATALOG (LF) ***11AM CUTOFF FOR NEXT DAY DELIVERY***, OTF CATALOG"
Brownie - OMG Smore's (6),pack,OTF OMG Smores Brownie,Collective,OTF CATALOG
Brownie - Righteous (12),pack,MI Brownie Righteous,Collective,PASTRY CATALOG ***2PM CUTOFF FOR NEXT DAY DELIVERY***
"Cake - GF Strawberry Cream 3"" (6)",case,PASTRY ITEM Cake Strawberry Rectangle,Collective,OTF CATALOG
"Cake - German Chocolate 3"" Cake (6)",case,"PASTRY ITEM Cake German Chocolate (3"")",Collective,OTF CATALOG
Cake Jars - Mary's Banana Pudding (6),pack,Z - Cake Jars - Mary's Banana Pudding (6),Collective,PASTRY CATALOG ***2PM CUTOFF FOR NEXT DAY DELIVERY***
Cake Jars - Vegan Chocolate Raspberry (6),pack,Z - Cake Jars - Vegan Chocolate Raspberry (6),Collective,PASTRY CATALOG ***2PM CUTOFF FOR NEXT DAY DELIVERY***
Cookie - GF Double Chocolate Cookie (6),case,MI Double Chocolate Cookie,Collective,OTF CATALOG
Cookie - Oatmeal Raisin (6),pack,MI Oatmeal Raisin Cookie,Collective,PASTRY CATALOG ***2PM CUTOFF FOR NEXT DAY DELIVERY***
Cookie - Salted Cho Chip Cookie (6),case,MI Salted Chocolate Chip Cookie,Collective,PASTRY CATALOG ***2PM CUTOFF FOR NEXT DAY DELIVERY***
Cookie - Sprinkledoodle Cookie (6),case,OTF Cookie Sprinkledoodle,Collective,OTF CATALOG
Cookie - Toffee Butterscotch Cookie (6),case,MI Toffee Butterscotch Cookie,Collective,PASTRY CATALOG ***2PM CUTOFF FOR NEXT DAY DELIVERY***
Croissant - Almond (3),case,PASTRY Croissant Almond,Collective,OTF CATALOG
Croissant - Butter (3),case,OTF Croissant Butter,Collective,OTF CATALOG
Croissant - Cherry Almond Croissant  (3),case,OTF Croissant Cherry Almond,Collective,OTF CATALOG
Croissant - Chocolate Almond (3),case,PASTRY ITEM Croissant Chocolate Almond,Collective,OTF CATALOG
Croissant - Chocolate Croissant (3),case,Z - Croissant - Chocolate Croissant (3),Collective,PASTRY CATALOG ***2PM CUTOFF FOR NEXT DAY DELIVERY***
Cupcakes - Seasonal (6),ea,Z - Cupcakes - Seasonal (6),Collective,PASTRY CATALOG ***2PM CUTOFF FOR NEXT DAY DELIVERY***
Danish -  Cherry (3),case,PASTRY ITEM Danish Cherry,Collective,OTF CATALOG
Danish - Blueberry (3),case,PASTRY ITEM Danish Blueberry,Collective,OTF CATALOG
Dulce de Leche Eclair (6),pack,Z - Eclaire Dulce de Leche,Collective,PASTRY CATALOG ***2PM CUTOFF FOR NEXT DAY DELIVERY***
Energy Bite - CHOCOLATE & PEANUT BUTTER (25),pack,OTF Energy Balls Chocolate & Peanut Butter,Collective,
Flatbread - Italian (12),case,OTF Flatbread Italian,Collective,PREP CATALOG (LF) ***11AM CUTOFF FOR NEXT DAY DELIVERY***
GNG - BLUEBERRY MUFFIN,each,OTF Blueberry Muffin,Collective,OTF CATALOG
GNG - DOUBLE CHOCOLATE COOKIE,each,OTF Cookie Double Chocolate,Collective,PASTRY CATALOG ***2PM CUTOFF FOR NEXT DAY DELIVERY***
GNG - LEMON POPPYSEED BREAD,each,OTF Lemon Poppyseed Bread,Collective,PASTRY CATALOG ***2PM CUTOFF FOR NEXT DAY DELIVERY***
GNG - OATMEAL CREAM PIE,each,OTF Oatmeal Cream Pie,Collective,OTF CATALOG
GNG Salted Chocolate Chip Cookie,1,OTF Cookie Chocolate Chip,Collective,PASTRY CATALOG ***2PM CUTOFF FOR NEXT DAY DELIVERY***
Juice - Antioxidants Wellness Shot (15),pack,BTLD JUICE Antioxidants Wellness Shot (Bottle),Collective,"PREP CATALOG ***11AM CUTOFF FOR NEXT DAY DELIVERY***, PREP CATALOG (LF) ***11AM CUTOFF FOR NEXT DAY DELIVERY***, OTF CATALOG"
Juice - Inflammation Wellness Shot (15),pack,BTLD JUICE Inflammation Wellness Shot (Bottle),Collective,"PREP CATALOG ***11AM CUTOFF FOR NEXT DAY DELIVERY***, PREP CATALOG (LF) ***11AM CUTOFF FOR NEXT DAY DELIVERY***, OTF CATALOG"
Loaf Bread - GF Zucchini,loaf,MI Bread Zucchini,Collective,OTF CATALOG
Loaf Bread - Lemon Poppyseed,loaf,MI Lemon Poppyseed Bread,Collective,OTF CATALOG
Loaf Bread - Pumpkin,loaf,MI Pumpkin Bread,Collective,OTF CATALOG
Muffin - Vegan Bran (3),case,MI Muffin Vegan Bran,Collective,OTF CATALOG
Panini - Caprese (6),pack,OTF Panini Caprese,Collective,PREP CATALOG (LF) ***11AM CUTOFF FOR NEXT DAY DELIVERY***
Panini - Cubano (6),pack,OTF Panini Cubano,Collective,PREP CATALOG (LF) ***11AM CUTOFF FOR NEXT DAY DELIVERY***
Pastry - Chocolate Dipped Strawberries (12),case,PASTRY ITEM Chocolate Dipped Strawberries,Collective,
Pastry - Oatmeal Creme Pie (6),case,PASTRY ITEM Oatmeal Creme Pie,Collective,PASTRY CATALOG ***2PM CUTOFF FOR NEXT DAY DELIVERY***
Pot Pie - Pork Green Chili (6),pack,OTF Pot Pie Pork Green Chili,Collective,OTF CATALOG
Quiche Florentine (6),pack,OTF Quiche Florentine,Collective,OTF CATALOG
"Quiche Florentine 9"" (3)",pack,OTF Quiche Florentine,Collective,OTF CATALOG
Quiche Lorraine (6),pack,OTF Quiche Lorraine,Collective,OTF CATALOG
Roasted Tomatoes (12),pack,Z - Roasted Tomatoes (12),Collective,PREP CATALOG (LF) ***11AM CUTOFF FOR NEXT DAY DELIVERY***
Roll - Rosemary Kouign Amman (3),pack,MI Rosemary Kouign-Amann,Collective,PASTRY CATALOG ***2PM CUTOFF FOR NEXT DAY DELIVERY***
Salad - ASIAN CHICKEN NOODLE SALAD,each,OTF Salad Asian Chicken Noodle,Collective,OTF CATALOG
Salad - CHICKEN CAESAR SALAD,each,OTF Salad Chicken Caesar,Collective,OTF CATALOG
Salad - CHOPPED ASIAN CHICKEN SALAD,each,OTF Salad Chopped Asian Chicken,Collective,PREP CATALOG (LF) ***11AM CUTOFF FOR NEXT DAY DELIVERY***
Salad - CLASSIC BEET SALAD,each,OTF Salad Classic Beet,Collective,
Salad - CURRY BIRD SALAD,each,OTF Salad Curry Bird,Collective,
Salad - ITALIAN CHOPPED SALAD,each,OTF Salad Italian Chopped,Collective,"PREP CATALOG (LF) ***11AM CUTOFF FOR NEXT DAY DELIVERY***, OTF CATALOG"
Salad - KALE & FARRO SALAD,each,OTF Salad Kale & Farro,Collective,PREP CATALOG (LF) ***11AM CUTOFF FOR NEXT DAY DELIVERY***
Salad - SESAME TOFU SALAD,each,OTF Salad Sesame Tofu,Collective,OTF CATALOG
Salad - SOUTHWEST TURKEY SALAD,each,OTF Southwest Turkey Salad,Collective,
Salad - TURKEY GRAIN SALAD,each,OTF Turkey Grain Salad,Collective,OTF CATALOG
Sandwich  - HAM & SWISS CHEESE ON CROISSANT,each,OTF Sandwich Ham & Swiss on Croissant,Collective,
Sandwich - CHICKEN CAPRESE SANDWICH,each,OTF Sandwich Chicken Caprese,Collective,OTF CATALOG
Sandwich - CHICKEN CLUB SANDWICH,each,OTF Sandwich Chicken Club,Collective,OTF CATALOG
Sandwich - CURRY CHICKEN SALAD SANDWICH,each,OTF Sandwich Curry Chicken Salad,Collective,OTF CATALOG
Sandwich - CURRY CHICKPEA SANDWICH,each,OTF Sandwich Curry Chickpea,Collective,OTF CATALOG
Sandwich - HAM & CHEDDAR,1,OTF Sandwich Ham & Cheddar,Collective,
Sandwich - HAM & CHEDDAR ON PRETZEL ROLL,1,OTF Sandwich Ham & Cheddar on Pretzel Roll,Collective,
Sandwich - PEANUT BUTTER & JELLY,each,OTF Sandwich Peanut Butter & Jelly,Collective,OTF CATALOG
Sandwich - PEANUT BUTTER & NUTELLA SANDWICH,each,OTF Sandwich Peanut Butter & Nutella,Collective,
Sandwich - ROAST BEEF & PROVOLONE SANDWICH,each,OTF Sandwich Roast Beef & Provolone,Collective,OTF CATALOG
Sandwich - ROAST BEEF BAGUETTE SANDWICH,each,OTF Sandwich Roast Beef Baguette,Collective,OTF CATALOG
Sandwich - ROAST CHICKEN SANDWICH,each,OTF Sandwich SW Chicken,Collective,PREP CATALOG (LF) ***11AM CUTOFF FOR NEXT DAY DELIVERY***
Sandwich - TRADITIONAL CHICKEN SALAD SANDWICH,1,OTF Sandwich Traditional Chicken Salad,Collective,
"Sandwich - TURKEY, HAM & SWISS SANDWICH",each,"OTF Sandwich Turkey, Ham & Swiss",Collective,OTF CATALOG
Savory Croissant - Ham & Cheese (6),case,PASTRY Croissant Ham & Cheese,Collective,PASTRY CATALOG ***2PM CUTOFF FOR NEXT DAY DELIVERY***
Savory Hand Pie - Buffalo Chicken (6),case,Z - Savory Hand Pie - Buffalo Chicken (6),Collective,PASTRY CATALOG ***2PM CUTOFF FOR NEXT DAY DELIVERY***
Scone - GF Blueberry Drop Scone (3),case,MI Blueberry Scone,Collective,OTF CATALOG
"Side Salad - ""PESTO"" PASTA",each,OTF Side Salad Pesto Pasta,Collective,"PREP CATALOG (LF) ***11AM CUTOFF FOR NEXT DAY DELIVERY***, OTF CATALOG"
Side Salad - ASIAN SLAW,each,OTF Side Salad Asian Slaw,Collective,
Side Salad - BUFFALO CHICKEN SIDE SALAD,each,OTF Side Salad Buffalo Chicken,Collective,
Side Salad - CLASSIC POTATO SALAD,each,OTF Side Salad Classic Potato,Collective,
Side Salad - CURRY CHICKEN SALAD,each,OTF Side Salad Curry Chicken,Collective,
Side Salad - CURRY CHICKPEA SIDE SALAD,each,OTF Side Salad Curry Chickpea,Collective,
Side Salad - MEDITERRANEAN PASTA SIDE SALAD,each,OTF Mediterranean Pasta Salad Side,Collective,OTF CATALOG
Snack Box - BUFFALO CHICKEN SALAD SNACK BOX,each,OTF Snack Box Buffalo Chicken Salad,Collective,
Snack Box - FRESH SEASONAL BERRIES,each,OTF Snack Box Fresh Seasonal Berries,Collective,"PREP CATALOG (LF) ***11AM CUTOFF FOR NEXT DAY DELIVERY***, OTF CATALOG"
Snack Box - HARD BOILED EGGS,each,OTF Snack Box Hard Boiled Eggs,Collective,OTF CATALOG
Snack Box - HUMMUS & VEGGIES SNACK BOX,each,OTF Snack Box Hummus & Veggies,Collective,OTF CATALOG
Snack Box - SEEDLESS GRAPES,each,OTF Snack Box Seedless Grapes,Collective,"PREP CATALOG (LF) ***11AM CUTOFF FOR NEXT DAY DELIVERY***, OTF CATALOG"
Tart - Lemon Meringue (6),case,Z - Lemon Meringue Tart,Collective,PASTRY CATALOG ***2PM CUTOFF FOR NEXT DAY DELIVERY***
Tart - Pear Almond (6),case,Z - Tart - Pear Almond (6),Collective,PASTRY CATALOG ***2PM CUTOFF FOR NEXT DAY DELIVERY***
Twinkie - White Chocolate Dipped,pack,Z - Twinkie - White Chocolate Dipped (6),Collective,PASTRY CATALOG ***2PM CUTOFF FOR NEXT DAY DELIVERY***
Wrap - TURKEY ARTICHOKE WRAP,each,OTF Wrap Turkey & Artichoke,Collective,OTF CATALOG
Biscuit - Jalapeo Cheddar Scone (3),,,Collective,
Bowl - ASIAN CHICKEN NOODLE BOWL,each,,Collective,
Bowl - ROAST VEGETABLES & QUINOA BOWL,each,,Collective,
Bowl - SOUTHWEST CHICKEN BOWL,each,,Collective,
Breakfast - OVERNIGHT OATS WITH MUESLI,each,OTF Overnight Oats with Muesli,Collective,OTF CATALOG
Breakfast - THE CLASSIC BREAKFAST SANDWICH,each,,Collective,
Breakfast - YOGURT PARFAIT,each,,Collective,
Energy Bite - OATMEAL RAISIN (25),pack,,Collective,
Flatbread - Margherita Flatbread (12),case,,Collective,
Flatbread - Vegan Med Flatbread (12),case,,Collective,
GNG - BANANA BREAD,each,,Collective,
GNG - BRAN MUFFIN,each,,Collective,
GNG - BROWNIE,each,,Collective,
Juice - Classic Green (9),pack,BTLD JUICE Classic Green (Bottle),Collective,PREP CATALOG ***11AM CUTOFF FOR NEXT DAY DELIVERY***
Juice - Clean Carbon (9),pack,BTLD JUICE Clean Carbon (Bottle),Collective,PREP CATALOG ***11AM CUTOFF FOR NEXT DAY DELIVERY***
Juice - Deeply Rooted (9),pack,BTLD JUICE Deeply Rooted (Bottle),Collective,PREP CATALOG ***11AM CUTOFF FOR NEXT DAY DELIVERY***
Juice - Immunity Boost (9),pack,BTLD JUICE Immunity Boost (Bottle),Collective,PREP CATALOG ***11AM CUTOFF FOR NEXT DAY DELIVERY***
Juice - Just Orange (9),pack,BTLD JUICE Just Orange (Bottle),Collective,PREP CATALOG ***11AM CUTOFF FOR NEXT DAY DELIVERY***
Muffin - gf/df blueberry  (3),case,,Collective,
Pastry - Individual Coffee Cakes (6),case,,Collective,
Salad - BLT SALAD,each,,Collective,
Salad - COBB SALAD,each,,Collective,
Salad - MEXICAN CHICKEN CAESAR SALAD,each,,Collective,
Salad - POWER GREENS SALAD,each,,Collective,
Salad - QUINOA SALAD,each,,Collective,
Salad - THE MED SALAD,each,,Collective,
Sandwich - EGG SALAD SANDWICH,each,,Collective,
Sandwich - ITALIAN SANDWICH,each,,Collective,
Sandwich - PORTOBELLO SANDWICH,each,,Collective,
Sandwich - ROAST TURKEY & FIG SANDWICH,each,,Collective,
Sandwich - SW CHICKEN SANDWICH,each,,Collective,
Sandwich - TURKEY & CHEDDAR,each,,Collective,
Snack Box - CHEESE BOARD SNACK BOX,each,,Collective,
Snack Box - CURRY CHICKEN SALAD SNACK BOX,each,,Collective,
Snack Box - EGG SALAD SNACK BOX,each,,Collective,
Snack Box - GOOD MORNING SNACK BOX,each,,Collective,
Snack Box - PROTEIN SNACK BOX,each,,Collective,
Wrap - BUFFALO CHICKEN SALAD WRAP,each,,Collective,
Wrap - CHICKEN & KALE CAESAR SALAD WRAP,each,,Collective,